,date,ISE,ISE_TL_Based,SP,DAX,FTSE,NIKKEI,BOVESPA,EU,EM,Zeros,Label
1,2009-01-05,0.035753708,0.038376187,-0.004679315,0.002193419,0.003894376,0.0,0.031190229,0.012698039,0.028524462,3.8376186999999997,1
2,2009-01-06,0.025425873,0.031812743,0.007786738,0.008455341,0.012865611,0.004162452,0.01891958,0.011340652,0.008772644,3.1812742999999997,9
3,2009-01-07,-0.02886173,-0.026352966,-0.030469134,-0.017833062,-0.028734593,0.017292932,-0.035898576,-0.017072795,-0.020015412,-2.6352965999999998,3
4,2009-01-08,-0.062208079,-0.084715902,0.003391364,-0.011726277,-0.000465999,-0.040061309,0.028283152,-0.005560959,-0.019423778,-8.4715902,7
5,2009-01-09,0.009859905,0.009658112,-0.021533208,-0.019872754,-0.012709717,-0.004473502,-0.00976388,-0.010988634,-0.007802212,0.9658112,7
6,2009-01-12,-0.029191028,-0.042361155,-0.022822626,-0.013525735,-0.005025533,-0.049038532,-0.053849474,-0.012451259,-0.022629745,-4.2361154999999995,2
7,2009-01-13,0.015445348,-0.000272183,0.001756552,-0.017673622,-0.006141454,0.0,0.00357202,-0.012220196,-0.004827138,-0.0272183,5
8,2009-01-14,-0.041167612,-0.03555248,-0.034032484,-0.047383437,-0.050945198,0.002912354,-0.040301613,-0.045220199,-0.008676646,-3.5552479999999997,3
9,2009-01-15,0.000661905,-0.017267844,0.001328305,-0.019550621,-0.014334659,-0.050447588,0.030313602,-0.012070424,-0.023428729,-1.7267844,3
10,2009-01-16,0.022037345,0.032278032,0.007533126,0.00679078,0.006289177,0.025453186,0.004866686,0.008560858,0.010916893,3.2278032,8
11,2009-01-19,-0.022692465,-0.044348781,-0.054261984,-0.011549904,-0.009351296,0.003238918,-0.013151015,-0.012045182,-0.004029004,-4.4348781,4
12,2009-01-20,-0.013708704,-0.029661366,0.0,-0.017833593,-0.004170789,-0.023411498,-0.040899261,-0.015088013,-0.024107193,-2.9661366,8
13,2009-01-21,0.000864697,0.00152943,0.042572033,0.005011186,-0.007728867,-0.020561328,0.033532127,-0.003338563,-0.005092242,0.152943,0
14,2009-01-22,-0.00381506,0.005043164,-0.015278458,-0.009841399,-0.001898399,0.018817884,-0.016981713,-0.00655222,-0.003227249,0.5043164,7
15,2009-01-23,0.00566126,-0.010007954,0.005363236,-0.009640052,7.40311e-05,-0.038808465,0.006261036,-0.003620056,-0.008077319,-1.0007954,9
16,2009-01-26,0.046831302,0.061708176,0.005537856,0.034786791,0.037891115,-0.008181598,0.009838156,0.032799581,0.010319685,6.1708176,9
17,2009-01-27,-0.006634978,0.01094866,0.010866312,-0.000797661,-0.003474788,0.048148148,0.00492178,-0.002641806,0.006344498,1.0948660000000001,5
18,2009-01-28,0.034566982,0.03587086,0.033006834,0.044182012,0.023747818,0.005594001,0.038724652,0.0299742,0.022104103,3.5870859999999998,6
19,2009-01-29,-0.020528213,-0.020271848,-0.033681051,-0.020255911,-0.02477352,0.017723189,-0.014750158,-0.023108586,0.000408697,-2.0271847999999997,5
20,2009-01-30,-0.008776701,-0.023458255,-0.02305281,-0.020478765,-0.009712656,-0.031665977,-0.00853829,-0.007201303,0.002242539,-2.3458255,2
21,2009-02-02,-0.025919141,-0.035607494,-0.000532907,-0.015636734,-0.017454317,-0.015133862,-0.016289303,-0.019739294,-0.019091385,-3.5607494,0
22,2009-02-03,0.015279487,0.022402818,0.01570993,0.02404002,0.021038593,-0.006174742,0.027573706,0.017862274,0.012718686,2.2402818,2
23,2009-02-04,0.018577796,0.023230767,-0.007517662,0.026576513,0.015274749,0.026908324,0.009564898,0.018769962,0.015165589,2.3230767,9
24,2009-02-05,-0.014132879,-0.014571381,0.016233194,0.003931905,7.0943e-05,-0.011169331,0.024127811,-0.004139094,0.002072505,-1.4571380999999999,2
25,2009-02-06,0.036607044,0.042758926,0.026540681,0.029305918,0.014787613,0.015845566,0.039282461,0.019126668,0.032338114,4.275892600000001,6
26,2009-02-09,0.011353209,0.021467637,0.001484047,0.004766184,0.003651379,-0.013410689,-0.015461796,0.005627159,0.007895394,2.1467637,5
27,2009-02-10,-0.040542021,-0.043906874,-0.05036862,-0.035170147,-0.022182186,-0.002901673,-0.021439596,-0.024387753,-0.002139095,-4.3906874,3
28,2009-02-11,-0.022105644,-0.033893469,0.007923456,0.005434056,0.005019306,-0.030744916,-0.008799248,0.001097418,-0.007925997,-3.3893469,1
29,2009-02-12,-0.014888368,-0.020825038,0.001737641,-0.027420558,-0.007609828,0.0,-0.008482232,-0.014092175,-0.014772748,-2.0825038,7
30,2009-02-13,0.007026745,0.009709195,-0.010048038,0.001321853,-0.003002934,0.009563024,0.028550768,0.003031933,0.017764444,0.9709195,8
31,2009-02-16,-0.011494996,-0.024629091,-0.046629446,-0.045613986,-0.013166304,-0.003764436,0.003999287,-0.012721713,-0.006850441,-2.4629091,6
32,2009-02-17,-0.041136038,-0.050687495,0.0,0.0,-0.024655731,-0.013596231,-0.0488296,-0.030934994,-0.038322771,-5.0687495,4
33,2009-02-18,-0.002631499,-0.012101138,-0.000950817,-0.002764335,-0.006790311,-0.014634038,-0.004351059,-0.003303102,-0.003342261,-1.2101138,5
34,2009-02-19,0.024654643,0.032923209,-0.012096922,0.002434631,0.002890896,0.003075786,0.001410509,0.00256948,0.006764498,3.2923209,1
35,2009-02-20,-0.03584061,-0.04977568,-0.011478573,-0.048746751,-0.032706045,-0.018869228,-0.025879448,-0.037924005,-0.027294442,-4.977568000000001,0
36,2009-02-23,0.017303168,0.029566248,-0.035315356,-0.019673359,-0.009922818,-0.00543789,-0.012554261,-0.012159595,0.00967787,2.9566248,8
37,2009-02-24,0.001725406,-0.004151655,0.039320053,-0.010393087,-0.00894738,-0.01469498,0.0,-0.009447032,-0.011881112,-0.41516549999999997,7
38,2009-02-25,0.004975853,0.010197804,-0.010715038,-0.012797967,0.008505804,0.026160742,0.0,-0.000994183,0.006099364,1.0197804,1
39,2009-02-26,0.000671759,-0.000812008,-0.015905668,0.024757229,0.0171552,-0.000441044,-0.001361043,0.020902648,-0.002331164,-0.0812008,5
40,2009-02-27,-0.005891895,-0.009518451,-0.023846498,-0.025399626,-0.022077662,0.014706431,7.85721e-05,-0.018261438,-0.006150131,-0.9518451000000001,8
41,2009-03-02,-0.013689039,-0.031323951,-0.047741863,-0.035395107,-0.054815959,-0.038832861,-0.052364888,-0.048816774,-0.035364882,-3.1323951,7
42,2009-03-03,0.002192959,0.004122949,-0.006427392,-0.005229183,-0.031860804,-0.006951158,0.006409661,-0.020299096,0.001290307,0.41229489999999996,5
43,2009-03-04,0.007913215,0.00272274,0.02347539,0.052829213,0.037389099,0.008434917,0.051674378,0.03654846,0.030311506,0.272274,0
44,2009-03-05,-0.03852223,-0.043381574,-0.043463291,-0.051537616,-0.032333707,0.019360241,-0.027268058,-0.037465203,-0.008671838,-4.3381574,4
45,2009-03-06,0.007958798,-0.019234871,0.001215289,-0.007900176,0.00022661,-0.035657548,-0.007089752,-0.01117204,-0.002097647,-1.9234871,2
46,2009-03-09,-0.007133473,-0.016436982,-0.010074281,0.006963461,0.003308312,-0.012212678,-0.009858434,-0.000177944,-0.005558364,-1.6436982,8
47,2009-03-10,0.011234009,0.021882653,0.06171871,0.051456064,0.047628049,-0.00439149,0.054398075,0.050459269,0.024909954,2.1882653,9
48,2009-03-11,-0.001410361,0.024432446,0.002442817,0.006952911,-0.005776774,0.044514005,0.000257732,0.003950464,0.01281572,2.4432446,9
49,2009-03-12,0.010974424,0.002741911,0.039921068,0.010703606,0.004942016,-0.024409814,0.008902402,0.009801191,0.005419475,0.2741911,2
50,2009-03-13,0.003213253,0.034066676,0.007709238,-0.000662468,0.011144266,0.05026001,-0.003505319,0.006193885,0.018689238,3.4066675999999996,6
51,2009-03-16,0.000214245,0.005609476,-0.003522156,0.022741267,0.028960896,0.017661194,-0.01051258,0.026677664,0.010253879,0.5609476,8
52,2009-03-17,-0.00711875,-0.013630133,0.031634285,-0.014135646,-0.001787311,0.031303344,0.023145507,-0.005683706,0.002688691,-1.3630133,5
53,2009-03-18,0.001891803,-0.000881369,0.020643416,0.00214176,-0.013599614,0.002894238,0.015844054,-0.004204775,0.006012506,-0.0881369,4
54,2009-03-19,0.019874248,0.030888693,-0.013064131,0.011726823,0.003122584,-0.003293103,0.007717639,0.00702835,0.009847274,3.0888693,3
55,2009-03-20,0.002918699,-0.000951721,-0.019967428,0.006232608,0.006788715,0.033362642,-0.009363155,0.003375003,-0.006654352,-0.0951721,0
56,2009-03-23,0.035968063,0.051330657,0.06836638,0.026109079,0.028196899,0.0,0.057290099,0.028379434,0.044121571,5.1330657,6
57,2009-03-24,0.003298424,0.011893995,-0.020626376,0.002628016,-0.010503256,0.032662479,-0.022952804,-0.003923899,0.002296045,1.1893995,1
58,2009-03-25,0.021165071,0.014858013,0.00958032,0.008543981,-0.002867459,-0.000979474,0.007757469,0.007125859,0.008309652,1.4858012999999999,0
59,2009-03-26,-0.004968387,0.00054608,0.023052626,0.008506817,0.006363832,0.018268453,0.018723588,0.004564397,0.016417645,0.054608000000000004,9
60,2009-03-27,0.011247875,0.006408036,-0.020524738,-0.013191856,-0.006722843,-0.001084381,-0.016143127,-0.013192092,-0.006730861,0.6408036,0
61,2009-03-30,-0.021780194,-0.040576634,-0.035439358,-0.052331177,-0.035504525,-0.04636884,-0.030380243,-0.039575426,-0.038564463,-4.0576634,4
62,2009-03-31,0.024406595,0.036216524,0.013044212,0.023664745,0.04245663,-0.015484589,0.006692924,0.033905256,0.007834221,3.6216524,0
63,2009-04-01,0.006913411,0.019586989,0.016421016,0.011273478,0.00748573,0.029450342,0.025332468,0.013131002,0.015339491,1.9586989,1
64,2009-04-02,0.031401768,0.052522395,0.028322241,0.058950531,0.041933723,0.043103753,0.041073535,0.046299865,0.038506193,5.2522395,1
65,2009-04-03,-0.005247358,0.010895898,0.009684728,0.000700361,-0.023374088,0.003441406,0.014865185,-0.013565922,0.004311521,1.0895898,5
66,2009-04-06,0.000735712,0.018613487,-0.008367252,-0.008055179,-0.009023892,0.012277689,-0.005058842,-0.00663938,0.004191931,1.8613487000000002,9
67,2009-04-07,-0.010297613,-0.035028186,-0.024143678,-0.006298227,-0.015901395,-0.002835377,-0.007773473,-0.010973461,-0.005565862,-3.5028186000000003,8
68,2009-04-08,0.047238893,0.046046123,0.011714575,0.008160941,-0.001272913,-0.027295924,0.008113036,0.00457624,-0.007501084,4.6046123,3
69,2009-04-09,0.03177774,0.05155751,0.037347061,0.030107235,0.014717304,0.036672343,0.030251635,0.020350247,0.027695855,5.155751,7
70,2009-04-10,0.010170736,0.014648571,0.002530186,0.0,0.001329537,0.005374682,0.009898367,0.0,0.005385996,1.4648571000000001,7
71,2009-04-13,-0.013661316,-0.018458136,0.0,0.0,0.0,-0.004436367,0.0,0.0,0.005879636,-1.8458136,8
72,2009-04-14,-0.010111415,-0.009219812,-0.02026854,0.014564593,0.0,-0.009202462,-0.012558966,0.010410568,0.007414113,-0.9219812000000001,8
73,2009-04-15,0.0057888,-0.007271922,0.012470933,-0.001585629,-0.005177582,-0.011341193,-0.003197674,-0.00569206,0.00271128,-0.7271922,1
74,2009-04-16,0.041454961,0.037113921,0.015419321,0.013029635,0.021094357,0.001405858,0.016473899,0.019679181,0.00243869,3.7113921000000003,0
75,2009-04-17,-0.002617982,-0.006440886,0.004957068,0.014511955,0.009771985,0.017247937,-0.005381101,0.015000818,-0.005525922,-0.6440886,9
76,2009-04-20,-0.030954776,-0.043561684,-0.043732255,-0.04159436,-0.025212563,0.001925716,-0.02982119,-0.033145055,-0.008357848,-4.3561684000000005,3
77,2009-04-21,0.004548211,-0.013976351,0.021029382,0.003411245,-0.000852301,-0.024203839,0.010188062,0.000107111,-0.007276574,-1.3976351,5
78,2009-04-22,0.009655946,0.017986713,-0.007711286,0.02040297,0.01077559,0.001831566,0.0,0.014246565,-0.000966672,1.7986713,8
79,2009-04-24,0.024517037,0.041463716,0.026531285,0.017241174,0.030613015,-0.002215049,0.041114235,0.019732664,0.022915147,4.1463716,3
80,2009-04-27,-0.004162916,-0.00776554,-0.010117621,0.004216312,0.002643279,0.002105043,-0.020564056,0.001193826,-0.01873672,-0.776554,0
81,2009-04-28,-0.012367953,-0.021244475,-0.002744255,-0.018631963,-0.017087813,-0.027013084,2.18243e-05,-0.016191973,-0.013223984,-2.1244475,2
82,2009-04-29,0.05198032,0.073005406,0.021379806,0.020864204,0.022496725,0.038624986,0.030223262,0.021224456,0.025812429,7.3005406,5
83,2009-04-30,0.029022746,0.040498015,-0.0009505,0.013698743,0.012830266,0.0,0.001333094,0.013364378,0.016444765,4.0498015,2
84,2009-05-04,0.016261076,0.015619342,0.038689132,0.027504086,0.021724277,0.061229315,0.06379152,0.015641377,0.047804531,1.5619342,9
85,2009-05-05,0.025882269,0.042492156,-0.003798927,-0.010131828,0.0,0.0,0.005243643,0.004722386,0.004035826,4.2492156,5
86,2009-05-06,0.021061108,0.015539992,0.017254573,0.005687449,0.013648963,0.0,0.016228371,0.012728662,0.011737376,1.5539992,1
87,2009-05-07,-0.026273031,-0.01169267,-0.013290323,-0.015820981,0.000500273,0.0,-0.028380057,-0.005234116,-0.00246741,-1.169267,7
88,2009-05-08,-0.001123867,-0.005918252,0.02378394,0.022598204,0.014310465,0.005008903,0.026378015,0.016838852,0.010330863,-0.5918251999999999,1
89,2009-05-11,-0.018541411,-0.018413175,-0.0217472,-0.009608685,-0.005979158,0.002028086,-0.008205415,-0.011834648,-0.005579355,-1.8413175,2
90,2009-05-12,0.025756738,0.020467942,-0.000979319,-0.00263347,-0.002257083,-0.016359317,-0.012833092,-0.004118204,-0.002245018,2.0467942,7
91,2009-05-13,-0.006508992,-0.000703323,-0.027263206,-0.026405979,-0.021492451,0.004493787,-0.033274117,-0.02444295,-0.010673606,-0.0703323,1
92,2009-05-14,0.008070571,-0.008364512,0.010298404,0.002294509,0.007177395,-0.026773548,0.015633439,0.004393536,-0.011305019,-0.8364512,4
93,2009-05-15,0.011703446,0.019054811,-0.011475674,-0.000204728,-0.003329242,0.018660853,-0.00891802,0.002504001,0.008160491,1.9054811,0
94,2009-05-18,0.00540756,0.008294571,0.029936576,0.023873177,0.022378302,-0.024731766,0.048899958,0.021345107,0.027348038,0.8294571000000001,4
95,2009-05-20,0.042840743,0.06128487,-0.006882962,0.037812995,0.004913133,0.033288664,-0.004245051,0.01755585,0.023405287,6.128487,2
96,2009-05-21,-0.011999815,-0.012065934,-0.01689961,-0.027823812,-0.027889576,-0.008650804,-0.022856559,-0.020868958,-0.017031881,-1.2065934,0
97,2009-05-22,0.008430531,0.008559532,-0.001498313,0.003682503,0.004546089,-0.004147121,0.009557472,-0.000809664,0.00213008,0.8559532,3
98,2009-05-25,0.011166484,0.002812079,0.025962189,-6.0993e-05,0.010573187,0.013050445,0.0048923,0.00163058,0.000841483,0.2812079,5
99,2009-05-26,-0.015572642,-0.022049112,0.0,0.013560317,0.0,-0.003879345,0.019970076,0.00693029,-0.005331499,-2.2049111999999997,5
100,2009-05-27,0.008801231,0.006089365,-0.019153403,0.003038143,0.001019495,0.013649584,-0.000945645,0.003596128,0.016360679,0.6089365,9
101,2009-05-28,-0.004209168,-0.00946971,0.015301234,-0.013668905,-0.006520009,0.001336146,0.023829502,-0.009320093,0.008582894,-0.9469709999999999,1
102,2009-05-29,-0.000514681,0.01745131,0.013483449,0.001608313,0.006904881,0.007495599,0.002955602,0.002727525,0.007760751,1.7451310000000002,2
103,2009-06-01,0.028131284,0.036775968,0.025489965,0.040019701,0.019789756,0.016172017,0.023922986,0.022988538,0.029978301,3.6775968,1
104,2009-06-02,-0.007792426,-0.010423561,0.001981342,0.000291641,-0.006501047,0.00274068,-0.008959741,0.000450926,-0.006630541,-1.0423561,0
105,2009-06-03,-0.022362446,-0.020392771,-0.013834487,-0.01755778,-0.0211285,0.003842444,-0.036068649,-0.019199926,-0.013026704,-2.0392771,9
106,2009-06-04,-0.019171953,-0.026503017,0.011418207,0.002029779,0.000798148,-0.007491806,0.026093133,0.001198657,-0.001283652,-2.6503017,8
107,2009-06-05,0.013947094,0.014207147,-0.002517863,0.002411795,0.011716184,0.010192006,-0.002303264,0.006255363,0.007195201,1.4207147,7
108,2009-06-08,-0.032005875,-0.043297074,-0.001011052,-0.014344978,-0.00755335,0.009944239,0.005403347,-0.010088166,-0.010536916,-4.3297074,0
109,2009-06-09,0.004478365,0.006670686,0.003497083,-0.001371646,-9.08059e-05,-0.008020417,-0.008858814,0.002247523,-0.005148888,0.6670686,1
110,2009-06-10,0.017089104,0.02671333,-0.003486435,0.010612059,0.00723854,0.020697148,0.004766918,0.009563579,0.019623396,2.671333,1
111,2009-06-11,0.00967985,0.006414361,0.006093308,0.011041178,0.005641288,-0.001017383,0.002748462,0.007607936,0.002888594,0.6414361000000001,0
112,2009-06-12,0.002670961,0.008682443,0.001396013,-0.007472152,-0.004469959,0.015359336,0.0,-0.003360153,-0.002180222,0.8682443,6
113,2009-06-15,-0.003623787,-0.010935365,-0.024055536,-0.036010872,-0.026461398,-0.009531439,-0.028867828,-0.026607747,-0.021109333,-1.0935365000000001,8
114,2009-06-16,-0.004441286,-0.004115531,-0.012801901,0.000159498,0.000600837,-0.028981619,-0.016040638,-0.001898177,-0.009452694,-0.41155310000000006,3
115,2009-06-17,0.001688065,-0.002397706,-0.00138258,-0.018727781,-0.011641683,0.008979463,-0.003129526,-0.017037019,-0.013276347,-0.2397706,5
116,2009-06-18,0.031866012,0.024440981,0.008375844,0.007782173,0.000560787,-0.014032772,-0.002805326,0.006532695,-0.009827668,2.4440981,5
117,2009-06-19,0.002917994,0.009371344,0.003109374,0.00040922,0.015069604,0.008470044,0.009210347,0.010530485,0.007504972,0.9371344,7
118,2009-06-22,-0.011589253,-0.014240564,-0.031078361,-0.030645878,-0.026085699,0.00408005,-0.037260554,-0.028450775,-0.011895017,-1.4240564,8
119,2009-06-23,-0.014168795,-0.024762184,0.002304071,0.002925363,-0.00094518,-0.028559096,0.006424415,-0.000397087,-0.014676581,-2.4762184,7
120,2009-06-24,0.024046363,0.032322169,0.006503219,0.027007371,0.011751017,0.00425394,-0.002854675,0.021006006,0.016991546,3.2322168999999996,7
121,2009-06-25,0.015786402,0.020041017,0.021217576,-0.007357423,-0.006422449,0.021228049,0.036431633,-0.006491876,0.013359036,2.0041017,4
122,2009-06-26,0.011719598,0.02094488,-0.001478936,-0.005030798,-0.00273147,0.008266001,-0.000563101,-0.002434553,0.009896025,2.094488,2
123,2009-06-29,0.002315584,0.004539175,0.009024344,0.022485929,0.012419609,-0.00955408,0.012584123,0.01610096,0.003009271,0.45391750000000003,8
124,2009-06-30,0.002929655,0.006462161,-0.008567381,-0.015773409,-0.01048797,0.017726206,-0.012992085,-0.009756314,-0.006932094,0.6462161,9
125,2009-07-01,0.007996801,0.008066865,0.004352434,0.019930494,0.021304896,-0.001860454,0.001533847,0.018996966,0.01104966,0.8066865,2
126,2009-07-02,-0.005590715,-0.002963695,-0.029577647,-0.03885596,-0.0248176,-0.006437219,-0.010120103,-0.026148902,-0.004837023,-0.2963695,6
127,2009-07-03,-0.006518816,-0.011508276,0.002562476,-0.00218104,0.000472222,-0.006101921,-0.001765399,-0.000129804,0.000864074,-1.1508276,2
128,2009-07-06,-0.00105307,-0.009724852,0.0,-0.012049252,-0.009820745,-0.013869065,-0.006164046,-0.01052673,-0.013954751,-0.9724852,8
129,2009-07-07,0.012265455,0.017404655,-0.019879851,-0.011595793,-0.001885015,-0.0034229,-0.023282659,-0.005062892,-0.002388698,1.7404655000000002,6
130,2009-07-08,-0.001519732,-0.0098359,-0.001669895,-0.005569842,-0.011240391,-0.02381417,-0.005657236,-0.011370978,-0.007945176,-0.98359,6
131,2009-07-09,-0.004539036,-0.001230056,0.003540952,0.012479081,0.00445843,-0.013862056,0.000873993,0.005713551,0.003546083,-0.12300559999999999,7
132,2009-07-10,-0.005617343,-0.008927347,-0.004029952,-0.01167899,-0.007603314,-0.000406925,0.0,-0.010951065,-0.003456886,-0.8927347,3
133,2009-07-13,0.006074147,0.003941595,0.024627968,0.031411443,0.017985189,-0.025844501,-0.000691001,0.020103773,-0.013401351,0.3941595,1
134,2009-07-14,-0.008232237,0.001961398,0.00530194,0.012489601,0.008436269,0.023098273,-0.006404264,0.00981059,0.016832183,0.1961398,8
135,2009-07-15,0.032511512,0.036041524,0.029199472,0.030228467,0.025350254,0.000802976,0.048407174,0.027037465,0.027435226,3.6041524,4
136,2009-07-16,0.006370441,0.010105514,0.008604637,0.00581654,0.003513893,0.008049079,0.01203328,0.004621884,0.006022186,1.0105514,7
137,2009-07-17,-0.011323604,-0.009281959,-0.000382751,0.004269506,0.006171025,0.005460144,0.002961825,0.006393209,0.010282347,-0.9281959,7
138,2009-07-20,0.013780465,0.024767693,0.011366703,0.01034125,0.012409018,0.026955527,0.020584797,0.010856959,0.023092409,2.4767693,4
139,2009-07-21,-0.006357127,-0.005420251,0.003620702,0.012607683,0.008426009,0.0,0.001485116,0.00790874,0.001526131,-0.5420251,7
140,2009-07-22,0.004758472,0.009434319,-0.000534409,0.005401593,0.002785548,0.007343449,-0.003028966,0.002757225,-0.004710116,0.9434319,7
141,2009-07-23,0.018495281,0.027708479,0.023022629,0.024250767,0.014602347,0.007151049,0.021916235,0.018131092,0.016398626,2.7708479,3
142,2009-07-24,0.012603659,0.01469961,0.003037511,-0.003420947,0.003677601,0.015362945,0.00382684,0.000477297,0.003712147,1.469961,4
143,2009-07-27,0.011235934,0.015375231,0.002977407,0.004234371,0.002073625,0.014387358,0.001687981,0.003589901,0.009279397,1.5375231,7
144,2009-07-28,0.004036218,0.008396005,-0.00260985,-0.014734175,-0.012572986,-0.000138779,-0.001412572,-0.009714293,0.003495323,0.8396005,9
145,2009-07-29,0.009330697,-0.000453061,-0.004573436,0.018301985,0.004120628,0.002572215,-0.01362225,0.00679058,-0.013102375,-0.0453061,5
146,2009-07-30,0.043744798,0.04563733,0.011825409,0.01699602,0.018324749,0.00512565,0.013732392,0.020259518,0.010000404,4.563733,8
147,2009-07-31,0.010826132,0.016193889,0.000739529,-0.005334443,-0.005021656,0.018675099,0.005272613,-0.002400819,0.010755726,1.6193889,7
148,2009-08-03,0.045219554,0.050339385,0.015225583,0.017606197,0.01595143,-0.000421067,0.022246412,0.013411189,0.016159052,5.0339385,2
149,2009-08-04,0.001853539,0.005901211,0.003007551,-0.001813006,-0.002373343,0.002174891,0.000714056,-0.002555235,-0.003348635,0.5901211,0
150,2009-08-05,-0.017993859,-0.016477754,-0.002917791,-0.011886829,-0.005215443,-0.011875526,0.006155398,-0.006186667,-0.004860192,-1.6477754,7
151,2009-08-06,-0.001445482,-0.007075515,-0.005640579,0.003165165,0.009295817,0.013135453,-0.011218338,0.007141904,0.001624173,-0.7075515,9
152,2009-08-07,0.021028135,0.012236363,0.013349737,0.016434111,0.008724225,0.002307673,0.01026016,0.01108049,-0.002621474,1.2236363,3
153,2009-08-10,-0.001832467,0.004289841,-0.003350552,-0.007509404,-0.001988619,0.010715437,0.008837102,-0.003177243,0.00419627,0.4289841,4
154,2009-08-11,-0.02278477,-0.036549776,-0.012740935,-0.02472302,-0.010837387,0.005798293,-0.018989655,-0.013443727,-0.006116571,-3.6549776,6
155,2009-08-12,0.004813828,-0.00436774,0.011459209,0.012087512,0.009693198,-0.014315821,0.014722248,0.010512515,-0.006397762,-0.436774,7
156,2009-08-13,0.013453937,0.033335747,0.006856468,0.009491105,0.008171239,0.007845521,0.00809607,0.007872083,0.013275554,3.3335747,0
157,2009-08-14,-0.004084155,-0.007142277,-0.008567996,-0.017180275,-0.008765038,0.007591021,-0.007212881,-0.008324871,-0.001426894,-0.7142277,7
158,2009-08-17,-0.000271351,-0.017895879,-0.024559914,-0.02045602,-0.014745432,-0.031510413,-0.025391151,-0.01925327,-0.02977241,-1.7895879,4
159,2009-08-18,-0.001299983,0.006328676,0.010094531,0.009400826,0.008745287,0.001590965,0.009570486,0.009641885,0.002853029,0.6328676,0
160,2009-08-19,0.031414816,0.027861466,0.006837444,-0.003579228,0.000831956,-0.007902834,0.007274059,-4.21174e-05,-0.003350004,2.7861466000000004,1
161,2009-08-20,0.019757306,0.026608014,0.010889255,0.015001647,0.014164513,0.01742954,0.011948419,0.014198886,0.013296568,2.6608014,9
162,2009-08-21,0.013108203,0.01466062,0.01845147,0.028159057,0.019631127,-0.014083517,0.015677695,0.023348771,0.006812872,1.466062,1
163,2009-08-24,0.012676973,0.016467907,-0.000545889,0.010382074,0.009295139,0.032938842,0.000796509,0.010500577,0.016065598,1.6467907,5
164,2009-08-25,0.006291416,-0.000329157,0.002366611,0.006742021,0.004198518,-0.007940868,-0.006146066,0.004957708,-0.0014647,-0.0329157,2
165,2009-08-26,-0.023435627,-0.026864444,0.000116725,-0.006339909,-0.005342917,0.013469431,0.005990277,-0.004106477,-0.001999212,-2.6864444,2
166,2009-08-27,0.008987423,0.006307214,0.002777914,-0.009395737,-0.004344269,-0.015700096,-0.001073872,-0.004156013,-0.006473657,0.6307214,7
167,2009-08-28,0.003705789,0.007392781,-0.001990379,0.008558729,0.008079158,0.00572828,-5.19908e-05,0.009242537,0.005024977,0.7392781,5
168,2009-08-31,-0.021432986,-0.025187312,-0.008109142,-0.010807922,-0.018338199,-0.003957836,-0.021228575,-0.006164299,-0.012832464,-2.5187312,8
169,2009-09-01,0.008224308,0.007152568,-0.022372209,-0.024247085,0.0,0.003570449,-0.012003278,-0.017967666,0.003596736,0.7152568,3
170,2009-09-02,-0.02534402,-0.03160451,-0.003301906,-0.001399438,-0.000456564,-0.023989018,-0.007715796,-0.00598433,-0.008320949,-3.160451,5
171,2009-09-03,0.008378078,0.012507327,0.008498592,-0.003468519,-0.004306092,-0.006423021,0.005778958,-0.001465902,0.008117162,1.2507327000000001,0
172,2009-09-04,-0.021587901,-0.01798409,0.01303221,0.015536746,0.01138013,-0.00269879,0.016821479,0.012772763,0.009702045,-1.7984090000000001,0
173,2009-09-07,0.002509442,0.010777477,0.008806056,0.014579985,0.016658706,0.013051646,0.0,0.015583349,0.010025827,1.0777477,5
174,2009-09-08,-0.009497407,-0.006658603,0.0,0.003329304,0.002854109,0.006979791,0.021012589,0.002873531,0.013928806,-0.6658603,8
175,2009-09-09,-0.005834448,-0.008671602,0.007752278,0.016738829,0.01145557,-0.007832791,0.000950201,0.01084736,-0.002746053,-0.8671602,8
176,2009-09-10,0.007574225,-0.002567542,0.010368274,0.00367266,-0.003322661,0.019354473,0.010751868,-0.00103475,0.009233671,-0.2567542,2
177,2009-09-11,0.036271557,0.040760842,-0.001351306,0.005214478,0.00476039,-0.006617068,-0.002908421,0.005179929,0.003606254,4.0760841999999995,7
178,2009-09-14,-0.001994969,-0.005213742,0.006319121,-0.000672343,0.001475515,-0.023469587,0.008564121,-0.000698728,-0.008405198,-0.5213742,0
179,2009-09-15,-0.012536673,-0.004136276,0.003130399,0.001553886,0.004611876,0.00152402,0.00670439,0.004297024,0.008323168,-0.41362760000000004,6
180,2009-09-16,0.016615187,0.025284654,0.015207304,0.012583534,0.016132238,0.005188316,0.019169169,0.014512465,0.015813252,2.5284654,6
181,2009-09-17,0.006084621,0.011543224,-0.003064311,0.005402676,0.007756573,0.016706504,-0.002901027,0.005445147,0.005761581,1.1543223999999999,6
182,2009-09-18,0.004157378,0.000267365,0.002633813,-0.004776585,0.001721987,-0.007039407,0.00772294,-0.00036404,0.000412402,0.0267365,0
183,2009-09-23,0.008195123,0.004858922,-0.006979274,-0.00031212,-0.006497119,0.016608748,-0.003415873,-0.002200783,-0.004004496,0.4858922,8
184,2009-09-24,0.009023651,0.008482327,-0.009556581,-0.017129237,-0.011762884,0.0,-0.007466312,-0.014179304,-0.010152977,0.8482327,9
185,2009-09-25,-0.007433515,-0.012106949,-0.006109338,-0.00425509,0.000570782,-0.026742327,0.005149428,-0.002034007,-0.00059241,-1.2106949,7
186,2009-09-28,0.004001644,0.000624585,0.017652877,0.027374714,0.016296382,-0.025298876,0.015796766,0.017615119,-0.003191672,0.0624585,8
187,2009-09-29,0.011414049,0.014048353,-0.00223207,-0.00398085,-0.001162183,0.009018586,-0.001338208,-0.001245038,0.008961924,1.4048353,0
188,2009-09-30,-0.009442384,-0.006064639,-0.003333824,-0.006736539,-0.005012834,0.003264897,0.004610893,-0.004051818,-0.000743823,-0.6064639000000001,8
189,2009-10-01,-0.002213036,-0.006405308,-0.026097229,-0.021481345,-0.016913099,-0.015373314,-0.017364366,-0.017376967,-0.003233047,-0.6405308000000001,4
190,2009-10-02,-0.020018346,-0.026805495,-0.004515691,-0.015722781,-0.01177715,-0.025040742,0.011724119,-0.016212542,-0.0087413,-2.6805494999999997,8
191,2009-10-05,0.023026511,0.032177895,0.014765453,0.007461259,0.007110786,-0.005913542,0.019378789,0.008032903,0.001991938,3.2177895,2
192,2009-10-06,0.031160934,0.044574339,0.013612406,0.026650954,0.022377758,0.001787643,0.004830464,0.023523141,0.013076211,4.4574339,3
193,2009-10-07,-0.008730222,-0.009687353,0.00270795,-0.002989809,-0.005679782,0.011061401,-0.000526698,-0.004043262,0.004295981,-0.9687353,6
194,2009-10-08,0.01706096,0.022759764,0.007442123,0.013346692,0.008905403,0.003348606,0.017753912,0.010892793,0.00769598,2.2759764,1
195,2009-10-09,0.006746257,0.004064031,0.005624801,-0.000815511,0.001415209,0.018532577,0.004865809,9.15971e-05,0.006176262,0.4064031,4
196,2009-10-12,0.015520491,0.015381762,0.004376823,0.012414134,0.009313514,0.005989183,0.008934388,0.010575071,0.004343661,1.5381762,4
197,2009-10-13,-0.01843108,-0.014092117,-0.002791504,-0.011988795,-0.010825728,0.0,0.0,-0.010315897,4.48057e-05,-1.4092117,0
198,2009-10-14,0.018883892,0.026777977,0.017393671,0.024175548,0.019596792,-0.001623895,0.023769337,0.019869578,0.016426627,2.6777977,0
199,2009-10-15,-0.000160911,0.001926307,0.004148815,-0.004000036,-0.006317357,0.017581736,0.007554361,-0.004118031,0.001776709,0.1926307,3
200,2009-10-16,-0.024346941,-0.034743583,-0.008131019,-0.015099439,-0.006299717,0.00184522,-0.007569466,-0.009167473,-0.00619924,-3.4743583,5
201,2009-10-19,0.009915384,0.010606877,0.009361385,0.018829544,0.017437916,-0.002054253,0.015572973,0.01594895,0.010830679,1.0606877000000001,8
202,2009-10-20,0.01507818,0.018463331,-0.006258672,-0.006994001,-0.007240005,0.009753472,-0.029215459,-0.005858889,-0.003248157,1.8463330999999998,2
203,2009-10-21,0.004774399,-0.003019502,-0.008893203,0.003730277,0.002761565,-0.000333813,0.002798402,0.001612484,-0.002497166,-0.3019502,5
204,2009-10-22,-0.005441211,-0.009280968,0.010587366,-0.012169423,-0.009651017,-0.006428974,0.009861728,-0.010527017,-0.005011615,-0.9280968,6
205,2009-10-23,0.007105868,0.010879518,-0.012253261,-0.003943263,0.006736868,0.001539648,-0.016403557,-0.000778076,0.003919997,1.0879518,7
206,2009-10-26,-0.002934588,-0.010121663,-0.011786491,-0.017235792,-0.009756362,0.007714027,0.000414922,-0.013986319,0.000255686,-1.0121662999999999,3
207,2009-10-27,-0.01632457,-0.026367552,-0.003323385,-0.001266274,0.001789718,-0.014596557,-0.03002245,0.000550359,-0.014859632,-2.6367552,6
208,2009-10-28,-0.030082971,-0.030080424,-0.019734359,-0.024931016,-0.023460916,-0.013546473,-0.048646098,-0.021614441,-0.02595065,-3.0080424000000003,9
209,2009-10-30,-0.035849614,-0.036051349,-0.006195842,-0.014904187,-0.007091458,-0.004008998,0.022743939,-0.005098468,-0.006025,-3.6051349000000004,7
210,2009-11-02,0.005735384,-0.001328301,0.006435592,0.002924642,0.011823963,-0.023369712,0.017667081,0.006416061,-0.001535758,-0.1328301,6
211,2009-11-03,-0.02390659,-0.030117918,0.002423036,-0.014367602,-0.013272131,0.004210263,0.0,-0.014107112,-0.007353045,-3.0117918,4
212,2009-11-04,0.020219135,0.028040939,0.00104211,0.016833799,0.013937989,0.0,0.02007084,0.016556042,0.018558259,2.8040939000000003,4
213,2009-11-05,0.000351028,0.004521631,0.019052883,0.006716638,0.00345923,-0.012971414,0.014029703,0.006450039,0.00236358,0.4521631,2
214,2009-11-06,-0.006962099,-0.001013832,0.002500083,0.001336473,0.003330642,0.007372851,-0.005414533,0.001380545,0.004129933,-0.1013832,8
215,2009-11-09,0.016985685,0.022223315,0.021995171,0.023672397,0.017826815,0.002004252,0.026753968,0.019047949,0.017839994,2.2223315,7
216,2009-11-10,0.00751899,0.007653769,-6.40413e-05,-0.001160874,-0.000898172,0.0062745,0.001343224,-0.002355524,0.004411033,0.7653769,3
217,2009-11-11,0.015029496,0.017689104,0.005019358,0.009777103,0.006916092,9.62395e-05,0.00192867,0.00648076,0.007978584,1.7689104,6
218,2009-11-12,-0.002417171,-0.006917942,-0.010312341,-0.000774776,0.001840032,-0.006829608,-0.030305118,-0.000105516,-0.010681845,-0.6917942,9
219,2009-11-13,-0.006258617,-0.009044561,0.005722896,0.004029681,0.003764345,-0.003492249,0.013531422,0.001930278,0.002916671,-0.9044561,2
220,2009-11-16,0.00685869,0.010121533,0.014363915,0.020535632,0.016162763,0.002133785,0.019719781,0.014123227,0.01569294,1.0121533,7
221,2009-11-17,-0.031914469,-0.034907071,0.000919076,-0.004556587,-0.006860195,-0.006275279,0.011624134,-0.006568908,0.000917437,-3.4907071,7
222,2009-11-18,-0.017581763,-0.0164249,-0.000468443,0.001587406,-0.000711078,-0.005475434,-0.013291515,0.000538703,-0.001784346,-1.64249,2
223,2009-11-19,-0.006598214,-0.013773197,-0.013516784,-0.014870868,-0.014024999,-0.013245613,-0.002845466,-0.015621595,-0.005447913,-1.3773197,7
224,2009-11-20,-0.019347799,-0.022447375,-0.003220084,-0.006868283,-0.003099127,-0.005438097,0.007240748,-0.005852463,-0.003116793,-2.2447375,0
225,2009-11-23,0.012533508,0.013944427,0.013523927,0.024132783,0.019629363,-0.010169798,0.0,0.020448651,0.007984955,1.3944427000000001,9
226,2009-11-24,-0.00630611,-0.010003918,-0.00053348,-0.005560568,-0.00589917,0.0,0.007575003,-0.006402333,-0.004366385,-1.0003918,2
227,2009-11-25,0.00055265,0.006343138,0.004494025,0.005825982,0.007634196,0.004251934,0.008873566,0.00538219,0.004211632,0.6343138,0
228,2009-12-01,0.011903098,-0.000838954,-0.001594961,-0.004561466,-0.009853035,0.01373337,0.009218681,-0.008318025,-0.004415635,-0.08389540000000001,5
229,2009-12-02,0.038612983,0.045764354,0.000342636,0.000877292,0.002857252,0.003830851,0.001006117,0.002869599,0.005985534,4.5764354,3
230,2009-12-03,0.036468359,0.042937262,-0.008437646,-0.001961561,-0.002706667,0.037655681,-0.004381808,-7.25925e-05,0.003023668,4.2937262,6
231,2009-12-04,0.008514453,0.011556349,0.00549437,0.008163663,0.001767682,0.004491949,-0.010462209,0.007764681,-7.45967e-05,1.1556349000000001,6
232,2009-12-07,-0.003723744,-0.011418107,-0.002471451,-0.005671256,-0.002200676,0.014364649,0.01334176,-0.003357898,0.000403137,-1.1418107,5
233,2009-12-08,-0.006519958,-0.008669326,-0.010304438,-0.016764488,-0.016632558,-0.002671846,-0.011494464,-0.015214504,-0.006006925,-0.8669325999999999,9
234,2009-12-09,-0.008229144,-0.011447394,0.003665636,-0.007187485,-0.003682751,-0.013477367,0.004169712,-0.00846942,-0.004478545,-1.1447394,3
235,2009-12-10,0.008292258,0.010238217,0.005822698,0.010774209,0.007752496,-0.01428485,0.010472525,0.008986643,0.003191354,1.0238217,0
236,2009-12-11,-0.004204453,-4.13653e-05,0.003676275,0.00824579,0.003274322,0.024542197,0.007811917,0.003094079,0.005524348,-0.00413653,8
237,2009-12-14,0.016307467,0.01066707,0.00693534,0.007954327,0.010154291,-0.000216686,0.001183125,0.008030007,0.00432518,1.066707,0
238,2009-12-15,0.004990278,-8.18578e-05,-0.00556247,0.001563684,-0.005565475,-0.002199201,-0.000548103,-0.001427231,-0.003226927,-0.00818578,3
239,2009-12-16,0.007262631,0.00852825,0.001127594,0.015722357,0.006505713,0.009272117,-0.009990441,0.010294153,-0.001744163,0.8528249999999999,3
240,2009-12-17,-0.016948929,-0.022729184,-0.011880825,-0.010042756,-0.019492167,-0.00133817,-0.022906153,-0.013355087,-0.009605113,-2.2729184,4
241,2009-12-18,0.003501244,0.002705254,0.005812939,-0.002266256,-0.003994475,-0.002142241,-0.004093774,-0.005558315,-0.003679224,0.27052539999999997,4
242,2009-12-21,0.022530184,0.019354087,0.010448907,0.016889059,0.018531052,0.00407567,-0.013095524,0.015016334,-0.003770928,1.9354087,7
243,2009-12-22,0.004894702,0.00344592,0.00355724,0.002553002,0.006533202,0.018925254,0.022394312,0.007488026,0.009237022,0.344592,2
244,2009-12-23,-0.007211305,-0.007540691,0.002296069,0.001974271,0.00816743,0.015194209,0.002533203,0.004134724,0.007803515,-0.7540691,1
245,2009-12-24,0.00581665,0.01348731,0.005242394,0.007605159,0.005568563,0.0,0.004620241,0.001824665,0.004780622,1.3487310000000001,4
246,2009-12-25,0.003891123,0.005091265,0.001153372,0.0,0.006494488,-0.00401396,0.0,0.0,0.000340369,0.5091265,4
247,2009-12-28,-0.000811768,-0.001677504,0.0,0.0,0.0,0.013206723,0.0,0.003681056,0.004142079,-0.1677504,9
248,2009-12-29,0.00322285,0.005816643,-0.001401965,0.001436601,0.0,0.000360093,0.00578571,0.004186106,-0.000190542,0.5816643,7
249,2009-12-30,-0.002274045,-0.004334286,0.000195328,-0.009043439,-0.007327798,-0.008649774,0.004266393,-0.00746846,0.000340849,-0.43342859999999994,6
250,2009-12-31,0.022138372,0.034372174,-0.010100375,0.015138061,0.002775005,0.010221194,0.0210203,0.000783591,0.00685449,3.4372173999999998,0
251,2010-01-04,0.010229371,0.014477562,0.015916069,0.0,0.016017643,0.0,0.0,0.016777763,0.00839901,1.4477562,5
252,2010-01-05,0.013898022,0.024018915,0.003110806,-0.00272182,0.00402802,0.002534611,0.002780057,0.00131582,0.00806674,2.4018914999999996,1
253,2010-01-06,0.007956979,0.005706348,0.000545376,0.000409408,0.001357159,0.004634515,0.006937723,0.000585708,0.00532962,0.5706348,8
254,2010-01-07,0.007771749,0.007498474,0.003993283,-0.002483888,-0.000596923,-0.00465043,-0.00393824,-0.000359589,-0.006374655,0.7498473999999999,5
255,2010-01-08,-0.003189192,0.000835311,0.002877549,0.003027297,0.001356129,0.010862314,-0.002672088,0.003554423,0.001229253,0.0835311,4
256,2010-01-11,-0.016130747,-0.006032639,0.001745232,0.000478552,0.000704461,0.007456628,0.002416559,-0.000497677,0.005447372,-0.6032639000000001,4
257,2010-01-12,-0.00454863,-0.004338703,-0.009425438,-0.016272734,-0.007139781,0.0,-0.005081536,-0.009893407,-0.003729203,-0.43387030000000004,1
258,2010-01-13,0.017559249,0.021362493,0.008291384,0.003383132,-0.004593435,-0.013334968,0.004399805,-7.47122e-05,-0.007263452,2.1362493,4
259,2010-01-14,0.00207392,-0.002075816,0.002423567,0.004307228,0.0045025,0.015954902,-0.008331836,0.005499697,0.002312679,-0.20758159999999998,6
260,2010-01-15,-0.013516994,-0.015515838,-0.010882186,-0.019033264,-0.007814822,0.006799546,-0.011860723,-0.011114664,-0.002056452,-1.5515838,6
261,2010-01-18,0.010044257,0.013494937,0.012422194,0.007220334,0.007123448,-0.011633501,0.006113663,0.005403105,0.001725396,1.3494937,3
262,2010-01-19,0.011097874,0.007783483,0.0,0.009740279,0.003397687,-0.008342332,0.00729312,0.005296237,0.002118634,0.7783483,2
263,2010-01-20,0.00559711,0.002293962,-0.010654438,-0.0211286,-0.016883672,-0.002546691,-0.024749831,-0.017593107,-0.009050756,0.2293962,6
264,2010-01-21,-0.003033665,-0.01301137,-0.019126605,-0.018030406,-0.015935777,0.012116266,-0.028707259,-0.013776535,-0.014855548,-1.301137,8
265,2010-01-22,-0.023856682,-0.027452668,-0.022389806,-0.009027974,-0.006034931,-0.025898322,-0.000754774,-0.008199445,-0.012384604,-2.7452668,7
266,2010-01-25,0.005236694,0.003951546,0.004587541,-0.011292033,-0.008084639,-0.007378995,-0.010566044,-0.007667436,-0.004143634,0.3951546,0
267,2010-01-26,0.000671833,-0.008489498,-0.004212071,0.006647636,0.003150745,-0.017987842,0.0,0.003881709,-0.017437655,-0.8489498,3
268,2010-01-27,-0.004547723,0.000287764,0.004868323,-0.004549107,-0.011320444,-0.007114645,-0.006952874,-0.010127461,-0.007275356,0.028776399999999997,9
269,2010-01-28,0.012852447,0.012920276,-0.011888153,-0.018397215,-0.013856946,0.01569829,0.007929139,-0.012274409,0.010577309,1.2920276,6
270,2010-01-29,-0.002190987,-0.000908373,-0.009877767,0.012280944,0.008283224,-0.020983357,-0.002839913,0.010072536,-0.006314758,-0.0908373,9
271,2010-02-01,0.015891732,0.015822193,0.014165355,0.008113141,0.011288078,0.000684211,0.01773123,0.008520053,0.001816917,1.5822192999999998,9
272,2010-02-02,-0.006837607,-0.00318405,0.012889515,0.009711326,0.006818187,0.016142372,0.008838432,0.009226841,0.001154004,-0.318405,8
273,2010-02-03,-0.001432456,0.000667055,-0.005489426,-0.006601821,-0.005732524,0.003199938,-0.000804338,-0.005941013,0.011540842,0.0667055,2
274,2010-02-04,-0.029575211,-0.040104449,-0.031635816,-0.024784117,-0.021901495,-0.004657935,-0.048466862,-0.027518736,-0.019774104,-4.0104449,5
275,2010-02-05,-0.038300784,-0.053826569,0.002892972,-0.018035461,-0.01537255,-0.029286272,-0.018485573,-0.021005008,-0.02729,-5.3826569,8
276,2010-02-08,-0.030015785,-0.031003435,-0.008902849,0.009251668,0.006185262,-0.010522409,0.006194626,0.006990165,-0.003809534,-3.1003435,7
277,2010-02-09,0.017725401,0.024150031,0.012955814,0.002441933,0.003821998,-0.001902969,0.024479016,0.002812647,0.012960538,2.4150031,9
278,2010-02-10,-0.00510604,-0.00277599,0.007398858,0.006907373,0.003943854,0.015909378,0.02156801,0.005973752,0.003336998,-0.277599,0
279,2010-02-11,0.015960155,0.013763277,0.0,-0.005876669,0.005731788,0.0,0.0,0.000520113,0.0111113,1.3763277,6
280,2010-02-12,-0.00619301,-0.009244139,-0.002748402,-0.000643384,-0.003687892,0.0,-0.004152024,-0.003473171,-0.002354158,-0.9244139,6
281,2010-02-15,0.005285259,0.006210933,0.017840667,0.001945241,0.00484967,-0.007847648,0.021481974,0.002932286,0.002296293,0.6210933,9
282,2010-02-16,0.008033964,0.011155246,0.0,0.014594224,0.014714623,0.002090032,0.0,0.01261871,0.005947344,1.1155246,7
283,2010-02-17,0.029039821,0.032506145,0.004228991,0.010003233,0.006178316,0.026802541,0.0,0.010460354,0.010310325,3.2506145,1
284,2010-02-18,-0.015578937,-0.024484193,0.006563167,0.005661717,0.00914954,0.002796172,0.008155698,0.007058343,-0.002326162,-2.4484193000000003,2
285,2010-02-19,0.016435847,0.012866975,0.002184195,0.00730372,0.006196607,-0.020735598,-0.003529424,0.006743182,-0.008235251,1.2866974999999998,5
286,2010-02-22,-0.013711428,-0.007825399,-0.001046374,-0.005891087,-0.001139091,0.026983641,-0.006128479,-0.002708243,0.008018818,-0.7825399000000001,3
287,2010-02-23,-0.02262045,-0.032981934,-0.012176614,-0.014942926,-0.006937181,-0.0046616,-0.016145356,-0.011454109,-0.001826145,-3.2981933999999997,5
288,2010-02-24,-0.03476938,-0.043526856,0.009673506,0.002039293,0.00521675,-0.01491639,-0.004745921,0.003122244,-0.006394627,-4.3526856,7
289,2010-02-25,-0.018702566,-0.020265321,-0.002083164,-0.014923347,-0.012183446,-0.009543543,0.004942549,-0.014050056,-0.006927662,-2.0265321,2
290,2010-02-26,0.019627036,0.022167027,0.001404348,0.011882495,0.014352198,0.002379872,0.005760663,0.013824601,0.007745793,2.2167027,3
291,2010-03-01,0.029306318,0.029827052,0.010107284,0.020341986,0.009553621,0.00453541,0.010842768,0.013641532,0.011574976,2.9827052,3
292,2010-03-02,0.005696108,0.008177214,0.002327644,0.010974804,0.014362047,0.004881862,0.008162585,0.010262272,0.00828374,0.8177214,6
293,2010-03-03,0.00432159,0.003799038,0.000429127,0.007127584,0.008913314,0.003057392,-0.002038104,0.008006659,0.003711996,0.37990379999999996,3
294,2010-03-04,-0.005009524,-0.00872609,0.003729217,-0.003885239,-0.001084952,-0.010532058,0.002569101,-0.000617057,-0.004067471,-0.8726090000000001,1
295,2010-03-05,0.022773381,0.022575537,0.0139103,0.014056986,0.013049525,0.021764786,0.015103242,0.014754495,0.010645201,2.2575537,1
296,2010-03-08,0.01266815,0.022410944,-0.000175654,-0.00024674,0.001231428,0.020708088,-0.003958614,0.001064674,0.009756269,2.2410943999999997,3
297,2010-03-09,-0.006335257,-0.012297362,0.001711315,0.00169702,-0.000785083,-0.001727368,0.014491643,-0.000303826,0.001288432,-1.2297361999999998,5
298,2010-03-10,-0.003915514,-0.002936129,0.004514325,0.008598831,0.006813215,-0.000353026,0.005775517,0.007955017,0.002852183,-0.2936129,8
299,2010-03-11,-0.007161671,-0.005587472,0.00403337,-0.001363635,-0.004139321,0.009518242,-0.001344163,-0.003856762,-0.002285129,-0.5587472,4
300,2010-03-12,-0.002744684,0.003557005,-0.00021737,0.002775875,0.001476488,0.008060293,-0.007814672,0.001601952,2.81704e-05,0.3557005,3
301,2010-03-15,-0.005021298,-0.006337363,0.000452076,-0.007013474,-0.005650891,6.69667e-05,-0.004582092,-0.006702784,-0.00754002,-0.6337363,2
302,2010-03-16,0.023990399,0.024778658,0.007749057,0.011357184,0.004726117,-0.002819266,0.013212057,0.008422483,0.006678935,2.4778658,2
303,2010-03-17,0.019908239,0.027046714,0.005804795,0.008885227,0.0042965,0.011616042,-0.003136078,0.005994462,0.011753411,2.7046714,6
304,2010-03-18,-0.014267377,-0.018503617,-0.000325895,-0.001988936,-0.000354384,-0.009536449,-0.000372974,-0.002990566,-0.000118508,-1.8503617,9
305,2010-03-19,-0.00182161,-0.007749177,-0.005099485,-0.004982194,0.001328292,0.007482156,-0.012532107,-0.001628348,-0.001747153,-0.7749177,5
306,2010-03-22,0.008486639,-0.000333173,0.00508233,0.000847123,-0.000991624,-0.004682661,0.003089847,-0.001586534,-0.00595858,-0.033317299999999994,9
307,2010-03-23,0.008486611,0.009199751,0.007145391,0.004959705,0.005142217,0.0,0.004984515,0.006135255,0.002049152,0.9199751,9
308,2010-03-24,0.014337851,0.015642971,-0.005508385,0.003604767,0.000757609,0.003787087,-0.006854691,-0.000184603,-0.000280023,1.5642970999999999,8
309,2010-03-25,0.034020727,0.034281823,-0.001705629,0.015437439,0.008715149,0.001277036,-0.006858168,0.009993925,-3.32141e-05,3.4281823000000005,5
310,2010-03-26,-0.007637163,-0.0025391,0.000737463,-0.002105608,-0.004304243,0.015351349,0.003515045,-0.003365283,0.004233582,-0.25390999999999997,8
311,2010-03-29,0.0010159,0.002987051,0.005667142,0.005995017,0.001349256,-0.000900703,0.018121718,0.001639787,0.006657004,0.2987051,0
312,2010-03-30,0.001520156,0.002899896,4.26168e-05,-0.002341598,-0.006746929,0.010022902,0.000300217,-0.003988002,0.003322491,0.2899896,2
313,2010-03-31,-0.00381384,9.20726e-06,-0.003278272,0.001805466,0.001286128,-0.000649026,0.005871807,-0.000537831,-0.001537399,0.000920726,0
314,2010-04-01,0.020479928,0.023256492,0.007386521,0.01323924,0.011431697,0.013831836,0.010798081,0.011916154,0.01345158,2.3256492,3
315,2010-04-02,0.006075096,0.006670397,0.007896758,0.0,0.00616038,0.003700767,0.002162527,0.0,0.001229191,0.6670397,2
316,2010-04-05,0.010027432,0.011553941,0.0,0.0,0.0,0.004703574,0.0,0.0,0.004452219,1.1553941,6
317,2010-04-06,-0.004077191,-0.001356801,0.001682879,0.002666611,0.0,-0.005037669,-0.002724989,0.005250169,0.002949178,-0.1356801,1
318,2010-04-07,0.004087933,0.011301841,-0.005894051,-0.00477771,-0.003170893,0.000931112,-0.004270951,-0.003953149,0.003124776,1.1301841,9
319,2010-04-08,-0.003990517,-0.006800986,0.00336867,-0.008161901,-0.008610225,-0.011097557,0.013915415,-0.009357213,-0.00362746,-0.6800986,0
320,2010-04-09,0.013150996,0.023087673,0.006661623,0.012538072,0.010153609,0.003230749,-0.005139604,0.013490297,0.003942423,2.3087673,5
321,2010-04-12,-0.006163386,-0.003594491,0.001765063,0.000158395,0.001142996,0.0042358,-0.011307511,0.002303192,-0.005179159,-0.3594491,1
322,2010-04-13,-0.01276782,-0.01621416,0.000685109,-0.003182307,-0.002755801,-0.008090837,0.002517575,-0.003337412,-0.003799375,-1.6214159999999997,3
323,2010-04-14,0.021378817,0.028145888,0.011088384,0.007605621,0.005987213,0.003905017,0.003426713,0.0061868,0.007507331,2.8145888,2
324,2010-04-15,-0.004650074,-0.003290601,0.000842168,0.002076398,0.004939216,0.00612938,-0.007219636,0.003594524,5.08239e-06,-0.3290601,2
325,2010-04-16,-0.014181169,-0.011798023,-0.01625795,-0.017727677,-0.014003168,-0.015339077,-0.015763662,-0.015112856,-0.012591087,-1.1798023,7
326,2010-04-19,-0.001211584,-0.014212047,0.004511129,-0.002991089,-0.00280686,-0.017574433,-0.004663629,-0.005225307,-0.015519306,-1.4212047,3
327,2010-04-20,0.012526916,0.016708117,0.008026026,0.016382873,0.009694645,-0.00074188,0.003178826,0.012064507,0.008943,1.6708117000000002,0
328,2010-04-21,-0.00741867,-0.003765961,-0.001019431,-0.00541835,-0.010480582,0.017223137,0.000980505,-0.00889712,0.002515698,-0.3765961,2
329,2010-04-22,-0.001926377,-0.00118032,0.002261236,-0.009945965,-0.010203185,-0.012791962,0.0,-0.012900104,-0.003179646,-0.11803199999999998,7
330,2010-04-26,0.012008849,0.015475997,0.002792559,0.026140574,0.015518036,0.019598292,-0.007435409,0.015972171,0.008768359,1.5475997,9
331,2010-04-27,-0.014084423,-0.017618884,-0.023659567,-0.027634706,-0.026486483,0.004188857,-0.034882362,-0.029021541,-0.011889142,-1.7618884000000001,4
332,2010-04-28,-0.004895555,-0.020578676,0.006441938,-0.012278972,-0.003020529,-0.026008978,0.002177718,-0.011822851,-0.009722941,-2.0578676000000002,4
333,2010-04-29,0.013199043,0.025293045,0.012860144,0.00990584,0.005569255,0.012065368,0.019639058,0.012360258,0.002971064,2.5293045,7
334,2010-04-30,0.004356217,0.008757443,-0.016787736,-0.001499926,-0.011547783,0.0,-0.00661218,-0.006068731,0.004164699,0.8757443,6
335,2010-05-03,-0.009524497,-0.017841335,0.0130352,0.005075353,-0.025939946,-0.033259031,-0.00610478,0.000863421,-0.007586866,-1.7841335,1
336,2010-05-04,-0.018303062,-0.021593711,-0.024127171,-0.026297374,0.0,0.0,-0.034097312,-0.030722352,-0.01250644,-2.1593711,2
337,2010-05-05,-0.015818452,-0.0280919,-0.006608358,-0.008091769,-0.012871004,0.0,0.000693465,-0.013654444,-0.013384167,-2.80919,1
338,2010-05-06,-0.012077182,-0.024921713,-0.032888466,-0.008459008,-0.015260272,0.0,-0.02337866,-0.017706496,-0.013554059,-2.4921713000000003,4
339,2010-05-07,-0.056752612,-0.076967445,-0.015426629,-0.033241327,-0.026580918,-0.031445668,-0.008599649,-0.033875001,-0.014724997,-7.696744499999999,6
340,2010-05-10,0.068951684,0.100620694,0.043034725,0.051629978,0.050322689,0.015899612,0.04024732,0.067042467,0.025317649,10.0620694,0
341,2010-05-11,0.000243026,-0.010619634,-0.003403127,0.003284778,-0.009923973,-0.011422256,-0.015830571,-0.007264982,-0.006566375,-1.0619634,1
342,2010-05-12,0.02647418,0.03099938,0.013645989,0.023858036,0.0091998,-0.001640942,0.012325743,0.012905352,0.00716741,3.099938,9
343,2010-05-13,-0.000807723,0.006190107,-0.012219412,0.011013777,0.009281581,0.021559201,-0.006707098,0.003240997,0.005779977,0.6190107,0
344,2010-05-14,-0.038389961,-0.046439624,-0.018979079,-0.031729866,-0.031938096,-0.014992412,-0.021467283,-0.035458268,-0.011049522,-4.6439623999999995,2
345,2010-05-17,0.005780967,-0.003439788,0.001108852,0.001684314,-7.60066e-05,-0.02191092,-0.008647641,-0.00055238,-0.013753547,-0.34397880000000003,5
346,2010-05-18,0.016049266,0.021205697,-0.014297727,0.014564782,0.008477032,0.000671928,-0.032741573,0.013739955,-0.002419064,2.1205697,2
347,2010-05-20,-0.045388971,-0.0735257,-0.044899189,-0.047922435,-0.045131161,-0.02094789,-0.044516016,-0.046420552,-0.036374727,-7.35257,1
348,2010-05-21,-0.006232065,-0.008072813,0.014912655,-0.006605063,-0.002012629,-0.02480792,0.034904051,-0.000833535,0.00112439,-0.8072813,1
349,2010-05-24,0.008218708,0.01516534,-0.012992123,-0.004051598,0.001322477,-0.002675136,-0.005725048,-0.001938918,0.00511012,1.516534,6
350,2010-05-25,-0.043092096,-0.057318925,0.00035387,-0.023640576,-0.025754897,-0.031067697,-0.012275656,-0.026448367,-0.027590293,-5.7318925,1
351,2010-05-26,0.034723686,0.043782356,-0.005677006,0.015397493,0.019522005,0.006613466,0.01685499,0.019345618,0.02156199,4.3782356,9
352,2010-05-27,0.007264208,0.014993319,0.032347213,0.03063387,0.030706095,0.012217841,0.031110931,0.029856859,0.017184219,1.4993319,6
353,2010-05-28,0.013409826,0.019388862,-0.012451871,0.001521461,-0.001309758,0.012705619,-0.002337975,-0.000867179,0.007175984,1.9388862,6
354,2010-05-31,-0.015485635,-0.025179175,-0.017314285,0.003047731,-0.004849455,0.000585715,0.017601299,-0.000316987,0.011325081,-2.5179175000000003,6
355,2010-06-01,0.00138582,-0.007133402,0.0,0.002836193,0.0,-0.005838667,-0.019313905,-0.002435159,-0.015882222,-0.7133402,3
356,2010-06-02,0.013716279,0.017966551,0.025514387,-1.17033e-05,-0.0023268,-0.011244189,0.01766298,0.000555776,0.003444305,1.7966551000000002,1
357,2010-06-03,0.003520353,0.008177155,0.004043236,0.012202052,0.011561046,0.031866523,-0.020334679,0.012310678,0.011455399,0.8177155,4
358,2010-06-04,-0.014439062,-0.021635353,-0.035017487,-0.019302705,-0.016484528,-0.001312112,0.0,-0.021691071,-0.006233492,-2.1635353,4
359,2010-06-07,-0.005624349,-0.015977304,-0.013624434,-0.005729581,-0.011162341,-0.039176073,-0.008025503,-0.009470185,-0.015968381,-1.5977304,4
360,2010-06-08,-0.011897225,-0.014532624,0.01091624,-0.006183398,-0.008121108,0.00179865,0.01093973,-0.008124869,0.000723629,-1.4532623999999998,5
361,2010-06-09,0.011865737,0.015006206,-0.005959341,0.019606982,0.011429826,-0.010413714,-0.00611345,0.015901475,0.0017334,1.5006206,1
362,2010-06-10,0.010203012,0.012652948,0.029079822,0.011932368,0.009120865,0.01090741,0.025216549,0.015173935,0.010020454,1.2652948000000002,9
363,2010-06-11,0.004905756,0.015163323,0.004370107,-0.001447405,0.006060507,0.016895752,0.008779882,0.007070273,0.00877387,1.5163323,0
364,2010-06-14,0.01005563,0.017462519,-0.001806321,0.012679226,0.007409013,0.017830353,-0.001132628,0.01186348,0.007877899,1.7462518999999999,8
365,2010-06-15,0.013067872,0.007567692,0.023222473,0.008138223,0.003013467,0.000813447,0.014206139,0.006593924,0.007188407,0.7567692,8
366,2010-06-16,-0.000326348,0.005878307,-0.000556094,0.002565108,0.003844798,0.017966872,0.00478355,0.000989027,0.003332611,0.5878307,6
367,2010-06-17,0.008616579,0.01079917,0.001282138,0.005256789,0.003050003,-0.006752557,-0.003248464,0.002465087,0.002606371,1.079917,7
368,2010-06-18,0.00251849,0.006836577,0.00131629,-0.001054618,-0.000590212,-0.000438122,-0.00159716,0.00221193,0.002134784,0.6836577,0
369,2010-06-21,0.004246468,0.008193586,-0.003864245,0.012148879,0.009156549,0.024020296,0.006049513,0.009956113,0.017326939,0.8193585999999999,9
370,2010-06-22,-0.004728047,-0.011254901,-0.016201322,-0.003809904,-0.00988051,-0.012296417,-0.000277692,-0.007960963,-0.006912794,-1.1254901,9
371,2010-06-23,-0.019495737,-0.0221311,-0.002989922,-0.010345174,-0.013141046,-0.018885012,0.005370442,-0.013176245,-0.002068345,-2.21311,7
372,2010-06-24,0.000166157,-0.008024183,-0.016946193,-0.014454797,-0.015235684,0.000467458,-0.01894756,-0.017800734,-0.006716706,-0.8024183,2
373,2010-06-25,-0.000920201,-0.003590842,0.002855218,-0.007365815,-0.010584821,-0.019410937,0.013777682,-0.007953517,-0.002310732,-0.35908419999999996,5
374,2010-06-28,0.010131759,0.016951145,-0.002035951,0.01416793,0.004981133,-0.0044814090000000004,-0.009283362,0.00912492,0.00053971,1.6951145,3
375,2010-06-29,-0.021815769,-0.028443062,-0.031508271,-0.033893039,-0.031547094,-0.012797735,-0.03561306,-0.034902985,-0.021032886,-2.8443062,0
376,2010-06-30,-0.006830443,-0.006194951,-0.010164425,0.002263889,0.000549277,-0.01984204,-0.01695535,0.002201934,-0.006962182,-0.6194951,0
377,2010-07-01,-0.005580513,-0.007677619,-0.003245746,-0.018285286,-0.022854729,-0.02057115,0.004911119,-0.022401698,-0.006819675,-0.7677619,5
378,2010-07-02,0.020009067,0.026056594,-0.004673293,-0.003982358,0.00669856,0.00131664,0.003163063,0.003560579,0.000513917,2.6056594,5
379,2010-07-05,0.001419823,0.007375233,0.005344686,-0.003081455,-0.003022276,0.006829299,-0.009240018,-0.003738593,-0.000926974,0.7375233,4
380,2010-07-06,0.019062249,0.022922606,0.0,0.021226975,0.028913492,0.007660418,0.019523926,0.026362864,0.015586943,2.2922606,2
381,2010-07-07,0.000190164,-0.000713719,0.030850062,0.008694658,0.009980243,-0.00627255,0.01945031,0.012938215,0.000986979,-0.0713719,2
382,2010-07-08,0.009585147,0.015335579,0.009368673,0.00711645,0.01792485,0.027223014,0.003029349,0.012232775,0.007505103,1.5335579,1
383,2010-07-09,-0.003400806,-0.002366536,0.0071781,0.004888902,0.005352412,0.005185917,-0.008162278,0.005906262,0.008605912,-0.2366536,4
384,2010-07-12,0.007303681,0.002454421,0.000732597,0.001968305,0.006621448,-0.003889532,0.0,0.003920399,0.002228034,0.2454421,9
385,2010-07-13,0.012237341,0.012557159,0.015261854,0.018575204,0.019927849,-0.001140142,0.011465154,0.018808495,0.003910511,1.2557159,6
386,2010-07-14,0.000388746,0.009663843,-0.000155215,0.003004625,-0.003325577,0.026693466,-0.003255616,-7.34394e-05,0.003616272,0.9663843,1
387,2010-07-15,-0.010542271,-0.007802002,0.001195446,-0.009774236,-0.008065176,-0.011263534,0.00015752,-0.009217097,-0.004870161,-0.7802002,6
388,2010-07-16,0.000683248,0.004743861,-0.029242932,-0.017899298,-0.010105966,-0.029034363,-0.018279429,-0.015674885,-0.006472779,0.47438610000000003,6
389,2010-07-19,0.006648115,0.001609521,0.005964074,-0.005172062,-0.002056815,-0.011534794,0.015250702,-0.00339961,0.000105052,0.16095210000000001,4
390,2010-07-20,0.001949078,0.00488972,0.011351892,-0.006950248,-0.001710765,0.0,0.018253481,-0.003202757,0.007196694,0.488972,9
391,2010-07-21,0.021523653,0.027040454,-0.012902686,0.003828446,0.014506585,-0.0023284,0.000217155,0.009445343,0.008880124,2.7040454,6
392,2010-07-22,0.007114932,0.008759167,0.022263616,0.025019995,0.018844827,-0.006264984,0.019520681,0.021510898,0.00618863,0.8759167,6
393,2010-07-23,-0.010400281,-0.006501973,0.008186429,0.003930625,-0.000225853,0.022527417,0.008707493,0.00094104,0.007336415,-0.6501973,6
394,2010-07-26,0.003504,0.002976954,0.011137931,0.004509516,0.00722079,0.007679093,0.001807692,0.00650243,0.002304461,0.2976954,4
395,2010-07-27,0.013706542,0.018680978,-0.001049869,0.002112645,0.002724696,-0.000716823,0.003470635,0.005502492,0.002006969,1.8680978000000001,6
396,2010-07-28,0.001248869,0.002580017,-0.006946068,-0.004580894,-0.008609932,0.026642449,0.002007762,-0.004554765,0.000772417,0.2580017,5
397,2010-07-29,0.005496886,0.005429191,-0.004167314,-0.007185559,-0.001072063,-0.005887121,0.002182983,-0.003207669,0.001432271,0.5429191,8
398,2010-07-30,-0.014436418,-0.015301669,6.3546e-05,0.002160769,-0.010594121,-0.016505065,0.008343979,-0.006165908,-0.003294977,-1.5301669,8
399,2010-08-02,0.013711065,0.022125061,0.02178352,0.0231777,0.026111046,0.003455171,0.014732094,0.025194828,0.015749215,2.2125061,4
400,2010-08-03,-0.010180284,-0.006415477,-0.004807873,0.002504755,-0.000111177,0.012842571,-0.007618303,0.000501044,-0.002498259,-0.6415477,2
401,2010-08-04,-0.003298125,-0.008065884,0.006032852,0.003705923,-0.001910468,-0.021339106,0.00403614,0.000769452,0.00157399,-0.8065884000000001,1
402,2010-08-05,-0.004645658,-0.005918982,-0.001269391,0.000355312,-0.003794647,0.017194987,0.002048521,-0.001961077,-0.000640049,-0.5918981999999999,1
403,2010-08-06,0.002511476,0.005730527,-0.003710877,-0.011744559,-0.006244061,-0.001223049,-0.004644459,-0.010199694,-0.001846139,0.5730527,5
404,2010-08-09,0.002217177,0.008207607,0.005468066,0.014585672,0.014540092,-0.007247642,-0.003427558,0.013367948,0.003611527,0.8207607,7
405,2010-08-10,-0.012028845,-0.017887816,-0.005985299,-0.010342041,-0.006322505,-0.002242264,-0.00946078,-0.007752502,-0.009966402,-1.7887816,6
406,2010-08-11,-0.017302052,-0.025658664,-0.028583327,-0.021251057,-0.024705633,-0.027405809,-0.0215476,-0.024910185,-0.01411308,-2.5658664,1
407,2010-08-12,0.003930899,-0.003832495,-0.00539328,-0.003075864,0.003976678,-0.00867426,0.002671607,0.000432349,-0.005318878,-0.3832495,7
408,2010-08-13,0.001645509,0.006947231,-0.004031704,-0.004043914,0.001764455,0.004426509,0.004507306,-0.000208761,0.004725268,0.6947231,4
409,2010-08-16,0.005847453,0.006578536,0.000120447,2.61845e-05,0.000132683,-0.006156074,0.006588174,-0.000690329,0.003266443,0.6578536,8
410,2010-08-17,0.01082305,0.020238128,0.012118458,0.015560959,0.014002826,-0.003811894,0.013136331,0.014231898,0.004805849,2.0238128,0
411,2010-08-18,-0.000327821,-0.000327362,0.001481685,-0.003242232,-0.008936174,0.008570758,0.000798687,-0.004438279,0.000130577,-0.0327362,9
412,2010-08-19,-0.010043636,-0.012118576,-0.017080409,-0.018135398,-0.017424496,0.013131249,-0.011165327,-0.016559421,0.00113875,-1.2118576,3
413,2010-08-20,-0.001691507,-0.009961145,-0.003669695,-0.011584289,-0.003074974,-0.01977191,-0.003144563,-0.009876182,-0.002496244,-0.9961144999999999,1
414,2010-08-23,0.002389147,-0.000396464,-0.004048532,0.000957052,0.007574268,-0.006852865,-0.010478088,0.005666019,-0.00146846,-0.0396464,1
415,2010-08-24,-0.004548585,-0.013976189,-0.014618777,-0.01263499,-0.015167554,-0.013422368,-0.012597583,-0.015370175,-0.00973058,-1.3976188999999999,6
416,2010-08-25,-0.0057746,-0.002290255,0.003283982,-0.00607356,-0.009079105,-0.016788012,-0.005432496,-0.009328747,-0.009662437,-0.22902550000000002,7
417,2010-08-26,0.013165613,0.015274597,-0.00771448,0.002214683,0.009040314,0.006882682,-0.014549103,0.008409564,-0.000755376,1.5274596999999999,4
418,2010-08-27,0.004862007,0.005853075,0.016450715,0.006505555,0.008843976,0.009451649,0.026544215,0.008337548,0.005080761,0.5853075,8
419,2010-08-31,0.010504082,0.006812423,-0.014437883,-0.004370022,0.004526804,-0.018748669,-0.006731457,0.000375835,0.00200541,0.6812423,9
420,2010-09-01,0.011817165,0.015375877,0.029077658,0.026428121,0.026664218,0.011600551,0.029166024,0.028944995,0.014404659,1.5375877,0
421,2010-09-02,0.002965501,0.009657952,0.009039912,-8.21845e-06,0.000856818,0.015099904,-0.003958745,0.000777359,0.003654103,0.9657952,6
422,2010-09-03,0.002184557,0.006114259,0.013132363,0.008310417,0.010575054,0.00564342,-0.001932773,0.009502452,0.005049774,0.6114259000000001,4
423,2010-09-06,0.00167273,0.005548296,-0.011537451,0.003323122,0.002042826,0.020330369,0.001019292,0.002650618,0.007314074,0.5548296,4
424,2010-09-07,-0.005813995,-0.012223346,0.0,-0.006053993,-0.005789635,-0.00813074,-0.00510688,-0.007760931,-0.001896565,-1.2223346,7
425,2010-09-08,-0.002285365,-0.002284646,0.006418033,0.007580031,0.004041528,-0.022071403,0.0,0.006180087,-0.003641465,-0.2284646,7
426,2010-09-13,0.026892714,0.036792574,0.020741297,0.015651223,0.024702944,0.032403707,0.024161011,0.020395796,0.022418509,3.6792574,6
427,2010-09-14,0.003509248,0.000956115,-0.00071333,0.002190302,0.000341331,-0.002417685,-0.004995479,0.000484693,0.000165775,0.0956115,7
428,2010-09-15,0.014597561,0.018699349,0.00353491,-0.002159959,-0.002121731,0.023093235,0.006111993,-0.003291133,0.003323194,1.8699349,5
429,2010-09-16,0.00527176,0.006212222,-0.000364488,-0.0019534,-0.002793877,-0.00074214,-0.006540496,-0.003385827,-0.004882582,0.6212222,9
430,2010-09-17,0.002025474,-0.000664324,0.000826575,-0.006403214,-0.005720197,0.012185822,-0.008519406,-0.005119605,0.003106736,-0.0664324,5
431,2010-09-20,0.006672435,0.006603581,0.015095292,0.013566698,0.016920573,-0.002494255,0.01627783,0.014510754,0.006771126,0.6603581,6
432,2010-09-21,-0.002567317,0.000326055,-0.002567373,-0.002959298,-0.004705386,0.0,-0.006931136,-0.002636234,0.000791961,0.0326055,8
433,2010-09-22,0.005511668,0.010378034,-0.004837173,-0.010837709,-0.004367329,-0.003734269,0.008908941,-0.009540356,0.000318169,1.0378034,4
434,2010-09-23,-0.004453821,-0.00688954,-0.008366175,-0.003811822,-0.000864943,-0.009943358,0.0068408,-0.004187824,-0.000237889,-0.6889540000000001,6
435,2010-09-24,0.000761169,0.002314967,0.020972838,0.018199639,0.009223436,0.0,-0.00873062,0.013605931,0.001377145,0.23149669999999997,1
436,2010-09-27,0.005987659,0.012779852,-0.005683545,-0.003086542,-0.004493424,0.01378489,0.009050364,-0.004653907,0.005533577,1.2779852,9
437,2010-09-28,0.014784496,0.015942484,0.004838733,-0.000446038,0.000896716,-0.011244745,0.005969129,0.000129939,-0.00096579,1.5942484,8
438,2010-09-29,-0.000587001,0.010183485,-0.002591138,-0.004658633,-0.001632624,0.006677488,0.0,-0.00372329,0.006145259,1.0183485,5
439,2010-09-30,0.003395986,0.008789053,-0.003088461,-0.002869525,-0.003723729,-0.020079148,0.002913646,-0.002052123,0.00351221,0.8789053,2
440,2010-10-01,-0.013648916,-0.010596542,0.00440668,-0.002842363,0.007952293,0.003715865,0.01144228,-5.63922e-05,0.005174924,-1.0596542,6
441,2010-10-04,0.008169493,0.008242206,-0.008067421,-0.012495353,-0.006619511,-0.002466825,0.002218841,-0.008419221,0.004925464,0.8242206,8
442,2010-10-05,0.013186098,0.011309614,0.020646748,0.013217963,0.014260682,0.014571825,0.012677698,0.015770769,0.003481782,1.1309614000000001,6
443,2010-10-06,0.008959157,0.027594181,-0.000672205,0.008793511,0.008058574,0.017977402,-0.010463769,0.007364936,0.004954263,2.7594181,9
444,2010-10-07,-0.001807411,0.000886129,-0.001647951,0.000879893,-0.003402833,-0.000683311,-0.008870974,7.76185e-05,-0.005292131,0.08861290000000001,0
445,2010-10-08,0.006841092,0.000196004,0.006103643,0.002453868,-0.000795074,-0.009954585,0.012662984,-0.000715553,0.000977497,0.0196004,4
446,2010-10-11,0.026176163,0.037795036,0.000145893,0.002831483,0.002612535,-0.021103646,0.001932913,0.003023713,0.003226381,3.7795035999999995,8
447,2010-10-12,0.009736797,0.000373868,0.003811421,-0.000783252,-0.001905771,0.0,0.010222987,-0.002811905,-0.004085144,0.037386800000000005,0
448,2010-10-13,0.007033826,0.015684163,0.007095823,0.020402479,0.015041041,0.001582576,0.0,0.016923241,0.011802246,1.5684163,6
449,2010-10-14,-0.013504077,-0.004128521,-0.003648103,0.003219605,-0.003520824,0.018960889,0.000237154,-0.002618464,0.005034855,-0.41285209999999994,6
450,2010-10-15,0.012567728,0.007688495,0.002025533,0.005720008,-0.004164267,-0.008725799,0.001923051,-0.00085113,-0.003161803,0.7688495,0
451,2010-10-18,0.005076448,-0.00814098,0.007217618,0.003740512,0.006832167,-0.000185275,-0.001309502,0.003826994,-0.005227974,-0.8140980000000001,0
452,2010-10-19,-0.008827632,-0.007695881,-0.016004698,-0.003988529,-0.006744504,0.004302993,-0.026442219,-0.00475292,-0.00603372,-0.7695881,0
453,2010-10-20,-0.006813227,-0.011326735,0.010469066,0.005203143,0.004373389,-0.016685508,0.007713788,0.004381638,0.000442375,-1.1326734999999999,9
454,2010-10-21,0.015531853,0.022096172,0.001772366,0.013164456,0.005049285,-0.000545898,-0.010752869,0.008504807,0.004984867,2.2096172000000003,6
455,2010-10-22,0.00786829,0.00179629,0.002386454,-0.000782335,-0.002869742,0.005342723,-0.001753101,-0.00251091,8.92462e-05,0.179629,0
456,2010-10-25,-0.001169304,0.008520975,0.002144637,0.005038874,0.001844537,-0.002714063,0.000718856,0.002497145,0.006881187,0.8520975,1
457,2010-10-26,-0.002500309,-0.006401926,1.68687e-05,-0.003834605,-0.007801563,-0.00253268,0.016534014,-0.006240309,0.002830117,-0.6401926,2
458,2010-10-27,-0.030981288,-0.042735496,-0.002694156,-0.006949003,-0.010798727,0.001028543,-0.002420229,-0.00775805,-0.010151847,-4.2735496,0
459,2010-11-01,0.007058143,0.014432573,0.001630874,0.00559637,0.008571028,-0.025059356,0.013959278,0.004239755,0.014253551,1.4432573,1
460,2010-11-02,-0.008025245,-0.001306691,0.007729385,0.007459023,0.010967627,0.000574402,0.004795571,0.007955497,0.000465516,-0.1306691,8
461,2010-11-03,0.001202099,0.007039443,0.003671294,-0.005501777,-0.001460057,0.021470945,0.0,-0.005426311,0.005992172,0.7039443000000001,0
462,2010-11-04,0.032986428,0.042670292,0.019099224,0.017508792,0.019601379,0.0,0.015058842,0.016419017,0.010736761,4.2670292,9
463,2010-11-05,-0.001781987,-0.004374118,0.003915147,0.002892753,0.002146838,0.028151792,-0.005343309,-0.001128411,0.004165555,-0.43741179999999996,7
464,2010-11-08,0.002284926,-0.00573413,-0.00212323,-0.000547957,-0.004332482,0.011047222,0.000688402,-0.002137489,0.003128196,-0.573413,6
465,2010-11-09,0.00845291,0.00852324,-0.008084915,0.00551178,0.004298441,-0.003956271,-0.01355192,0.005811444,-0.001644294,0.852324,3
466,2010-11-10,-0.013824293,-0.016602556,0.004366586,-0.010064012,-0.009972628,0.013934149,-0.000572158,-0.010570965,-0.002221212,-1.6602556000000002,1
467,2010-11-11,-0.006769931,-0.011877058,-0.004251214,0.000531122,-0.000292295,0.003142399,-0.006203068,-0.003419001,-0.007652558,-1.1877058,1
468,2010-11-12,-0.007617876,-0.017336606,-0.011878701,0.001664435,-0.003151887,-0.013953879,-0.011698188,-0.002616897,-0.011377315,-1.7336606,5
469,2010-11-15,0.006377468,0.006378861,-0.00121821,0.008216076,0.004045696,0.010505244,-0.01048581,0.006972103,-0.001439076,0.6378861,9
470,2010-11-22,-0.030041874,-0.035632732,7.51381e-05,0.004684035,-0.02427692,0.028852659,0.0,-0.013762476,-0.001827509,-3.5632732000000003,3
471,2010-11-23,-0.023701804,-0.037541093,-0.014387044,-0.017306496,-0.017670344,-0.008446685,-0.024422303,-0.020006461,-0.015299989,-3.7541092999999996,5
472,2010-11-24,0.013406293,-0.000448648,0.014812719,0.017562985,0.013489669,0.0,0.024364857,0.010218959,0.005590222,-0.0448648,3
473,2010-11-25,-0.001218191,0.00353471,-0.007496632,0.008152731,0.00736178,0.004937884,-0.00384198,0.005656774,0.000366897,0.353471,9
474,2010-11-26,-0.01502137,-0.023631065,0.0,-0.004469496,-0.005313359,-0.003996164,-0.016513443,-0.005822911,-0.009088137,-2.3631064999999998,9
475,2010-11-29,-0.031880777,-0.034779442,-0.001379798,-0.022295241,-0.020981723,0.008572097,-0.004671876,-0.020118927,0.000543172,-3.4779442,4
476,2010-11-30,0.019760499,0.01117932,-0.006088749,-0.001416357,-0.004097738,-0.018836196,-0.002993816,-0.005513605,-0.004997913,1.117932,4
477,2010-12-01,0.012248015,0.019146304,0.021386708,0.026285309,0.020446876,0.005120189,0.023948434,0.022416874,0.015463595,1.9146303999999998,9
478,2010-12-02,0.011764491,0.016953001,0.012737032,0.013162577,0.02192882,0.017907295,0.0026067,0.019000469,0.011647698,1.6953000999999999,4
479,2010-12-03,-0.001179229,0.004102904,0.00259991,-0.001422476,-0.00387392,0.000963295,0.003431619,-0.001358638,0.002133719,0.4102904,3
480,2010-12-06,0.012661171,0.010356506,-0.00129911,0.000958129,0.004341943,-0.001090165,-0.003072111,-0.000184585,0.002951206,1.0356505999999999,4
481,2010-12-07,0.002380343,0.008157404,0.000514944,0.006811292,0.00659829,-0.00257333,-0.003081578,0.008135224,0.001068524,0.8157404,9
482,2010-12-08,-0.002490964,-0.012462408,0.003694902,-0.003725918,-0.00241317,0.008955842,-0.016915168,0.001569353,-0.007649549,-1.2462408,6
483,2010-12-09,-0.026805079,-0.03185293,0.003835407,-0.001680054,0.002327086,0.005219765,-0.00435122,0.002307034,0.000968207,-3.185293,5
484,2010-12-10,-0.017676197,-0.020089707,0.005983684,0.006014192,0.000860511,-0.007213478,0.006797803,0.000681404,-0.000892236,-2.0089707,5
485,2010-12-13,0.024729439,0.022188263,4.83703e-05,0.003308742,0.008189324,0.007991912,0.011406415,0.005687324,0.005150131,2.2188263,7
486,2010-12-14,0.001945517,0.004689318,0.000910538,-0.000283137,0.005173599,0.002220211,-0.005556013,0.002944845,0.002970905,0.46893179999999995,0
487,2010-12-15,-0.015310023,-0.026703272,-0.005135629,-0.001570804,-0.00152887,-0.000677767,-0.012780802,-0.003066529,-0.005433699,-2.6703272,4
488,2010-12-16,-0.016466636,-0.019641181,0.006166034,0.001143812,-0.000187022,0.000146452,-0.008344725,0.000570854,-0.005280788,-1.9641181,8
489,2010-12-17,-0.014150672,-0.016985296,0.000836423,-0.005989944,-0.001582588,-0.000723741,0.009978869,-0.003572554,0.003626423,-1.6985296,1
490,2010-12-20,-0.000355833,-0.017391671,0.002545174,0.00516391,0.003366377,-0.00852042,-0.010603079,0.003737539,-0.003564993,-1.7391671000000002,4
491,2010-12-21,0.020543856,0.018217236,0.006011978,0.008426201,0.010166087,0.014972879,0.014039307,0.01055667,0.009468899,1.8217236,5
492,2010-12-22,0.00952841,0.012176661,0.003373865,-0.001423733,0.005311986,-0.002321765,0.003745816,0.001131094,0.00132698,1.2176661,0
493,2010-12-23,0.011830075,0.012478901,-0.001645724,-0.001448433,0.002103577,-0.006524902,0.000219047,0.000888,-0.000207937,1.2478901,8
494,2010-12-24,0.000730038,0.004232967,0.000612494,-0.012397849,0.002132446,0.0,-0.010022903,0.000183047,-0.002474851,0.42329669999999997,9
495,2010-12-27,0.00134576,0.000634,0.0,0.0,-0.002082414,0.007443633,0.0,-0.005860665,-0.002416689,0.0634,1
496,2010-12-28,0.001285406,0.000438382,0.00077105,0.000196517,0.0,-0.006136991,0.003504023,0.000208575,-0.000195527,0.0438382,9
497,2010-12-29,0.004171479,-0.005581774,0.001008621,0.003346326,0.0,0.005030739,0.013300146,0.001923258,0.007861466,-0.5581774,1
498,2010-12-30,0.001534651,0.008438498,-0.001509338,-0.011686975,-0.004244872,-0.011239842,0.005106443,-0.00919071,0.00331358,0.8438497999999999,1
499,2010-12-31,-0.012311844,-0.006861097,-0.000190815,0.0,-0.011979016,0.016404095,0.009435184,-0.006157861,0.002789387,-0.6861097,9
500,2011-01-03,0.024002222,0.017515472,0.01125131,0.010867538,0.019138055,0.0,0.0,0.00963293,0.00816767,1.7515472,1
501,2011-01-04,0.009040201,0.01104759,-0.00131389,-0.002060854,0.0,0.0,0.005075574,0.006576534,0.004238755,1.104759,4
502,2011-01-05,0.008859545,0.011780211,0.004994592,-0.005106668,0.004976042,-0.001668041,0.010932935,-0.000548291,-0.001180117,1.1780211,0
503,2011-01-06,0.006982356,0.00685022,-0.002125149,0.0059722,-0.0040453,0.014250478,-0.007228097,-0.000620243,-0.002646026,0.685022,3
504,2011-01-07,-0.007835122,-0.018754847,-0.001846505,-0.004817217,-0.005864826,0.001070676,-0.007423453,-0.005461397,-0.00681971,-1.8754847000000001,5
505,2011-01-10,-0.013108757,-0.02632467,-0.001377275,-0.013152041,-0.00468989,-0.002884327,0.000998688,-0.009845709,-0.00670868,-2.632467,9
506,2011-01-11,-0.003035482,0.001794767,0.003718222,0.012249195,0.009640602,0.0,0.00421203,0.012638036,0.004772614,0.17947670000000002,3
507,2011-01-12,0.003760527,0.009064051,0.008967269,0.018159931,0.006083883,0.000201679,0.017035947,0.014396731,0.011872228,0.9064051,6
508,2011-01-13,0.009546783,0.016297588,-0.001712249,0.000895086,-0.004439078,0.007293934,-0.012813303,-0.000367489,-0.002109322,1.6297587999999998,1
509,2011-01-14,-0.010199048,-0.004700228,0.007357426,8.33875e-05,-0.003625482,-0.008603672,0.003091891,-0.000761239,0.00023762,-0.47002279999999996,3
510,2011-01-17,-0.015563411,-0.015367702,0.001375442,0.00033348,-0.002736117,0.000363777,-0.004676834,-0.002146761,-0.004536707,-1.5367702,3
511,2011-01-18,-0.006049411,0.004579527,0.0,0.009195994,0.011742273,0.001533643,0.004394866,0.010994785,0.002405877,0.4579527,5
512,2011-01-19,0.000520727,-0.003209007,-0.010167185,-0.008532191,-0.013246988,0.003617375,-0.012229011,-0.01064461,0.001085768,-0.3209007,5
513,2011-01-20,-0.017835035,-0.03165166,-0.001295772,-0.008292367,-0.018371758,-0.011411733,-0.007105029,-0.010087879,-0.010442022,-3.1651659999999997,6
514,2011-01-21,0.00974406,-0.000510833,0.002410664,0.005416474,0.004828217,-0.015719842,-0.006186256,0.00839604,-0.006853521,-0.051083300000000005,2
515,2011-01-24,-0.011067076,-0.007426254,0.005819323,0.000757244,0.008040448,0.0068469,0.004243655,0.004157979,-0.001144755,-0.7426254,6
516,2011-01-25,-0.00074888,0.004638645,0.00026336,-0.001240198,-0.004417624,0.011466987,-0.010395646,-0.004044152,-0.000885489,0.4638645,0
517,2011-01-26,0.012326085,0.005404402,0.004212062,0.009634681,0.008665055,-0.00599245,0.0,0.007096901,0.005018525,0.5404402,9
518,2011-01-27,-0.014082114,-0.014976415,0.002241765,0.003952976,-0.000687095,0.007352326,-0.009622771,0.00191942,-0.001148903,-1.4976415,6
519,2011-01-28,-0.028498178,-0.038598966,-0.018013749,-0.007403399,-0.014130991,-0.011355753,-0.020082457,-0.010477804,-0.009911919,-3.8598966,4
520,2011-01-31,0.001056216,-0.008883033,0.007633327,-0.00357116,-0.003150467,-0.011886581,-0.001845836,-0.002649511,-0.005788719,-0.8883033,0
521,2011-02-01,0.024115793,0.035256817,0.016555814,0.014976002,0.016056924,0.003566623,0.018926038,0.015088586,0.006223865,3.5256817000000003,5
522,2011-02-02,0.007446755,0.014238624,-0.002726279,-8.35193e-05,0.00707485,0.017640939,-0.017230143,0.001617824,0.003631322,1.4238624,6
523,2011-02-03,-0.02447813,-0.027850188,0.002351473,0.001392468,-0.002803881,-0.002489383,0.001153964,-0.002883468,0.000476055,-2.7850188,0
524,2011-02-04,0.02450661,0.013959227,0.002880096,0.003127022,0.002353787,0.0106948,-0.0226618,0.002761148,-0.003184935,1.3959226999999998,2
525,2011-02-07,-0.0061961,0.008552888,0.006220742,0.009298107,0.008897506,0.004591322,0.001423858,0.008216678,-0.00334572,0.8552888,7
526,2011-02-08,0.005355587,0.006885706,0.004176098,0.005424862,0.006637976,0.004139817,0.006237962,0.003980283,-0.004498994,0.6885706,3
527,2011-02-09,0.004822987,-0.00325487,-0.002789697,-0.000319582,-0.006423159,-0.001707929,-0.023895466,-0.003024061,-0.014248555,-0.32548699999999997,8
528,2011-02-10,-0.017664432,-0.024920602,0.00074922,0.002643718,-0.005351106,-0.001147786,0.00559025,-0.003742423,-0.014759632,-2.4920602,4
529,2011-02-11,0.004782286,0.00641822,0.005492239,0.004203526,0.007100974,0.011240935,0.018077126,0.004727187,0.003930882,0.641822,8
530,2011-02-14,-0.002497928,0.000404514,0.002382143,0.003443976,-0.000461932,0.0,0.012122826,0.000168532,0.013448054,0.040451400000000005,3
531,2011-02-15,0.003606376,0.000892722,-0.003240202,0.000460915,-0.003802537,0.001968126,-0.003265641,-0.00054988,-0.001430447,0.0892722,2
532,2011-02-16,0.008599056,0.013399898,0.006237986,0.001925162,0.007952263,0.005717493,0.01837079,0.006974609,0.003038986,1.3399898000000001,5
533,2011-02-17,0.009310309,0.015977203,0.003070891,-0.00118625,0.000345034,0.002619553,0.001685693,-0.000580515,0.001038585,1.5977203,1
534,2011-02-18,0.000190969,-0.001652602,0.001922906,0.002872108,-0.000723066,0.00056828,0.005627925,0.000571574,0.006937873,-0.1652602,3
535,2011-02-21,-0.013069043,-0.013705988,-0.020742153,-0.014238861,-0.011274897,0.001357583,-0.011941676,-0.012615329,-0.000957736,-1.3705988,6
536,2011-02-22,-0.007246324,-0.01944185,0.0,-0.000472672,-0.002997105,-0.017919626,-0.012251554,-0.005464894,-0.014296931,-1.944185,8
